{
    "IdentityTracker": {
        "accuracy": 0.14022500635780166,
        "robustness": 0.0,
        "speed_fps": 14.292379701188198
    }
}